{
  "pt_br": {
    "no_one_near": "Ninguém por perto para beijar...",
    "cooldown": "Espere alguns segundos antes de tentar de novo.",
    "kiss_forced": "⚠ Você foi beijado à força por ",
    "kiss_request": "Alguém quer te beijar ❤️",
    "accept": "Aceitar",
    "deny": "Recusar"
  },
  "pt_pt": {
    "no_one_near": "Ninguém está por perto para beijar...",
    "cooldown": "Aguarde alguns segundos antes de tentar novamente.",
    "kiss_forced": "⚠ Foste beijado à força por ",
    "kiss_request": "Alguém quer dar-te um beijo ❤️",
    "accept": "Aceitar",
    "deny": "Recusar"
  },
  "en": {
    "no_one_near": "No one nearby to kiss...",
    "cooldown": "Wait a few seconds before trying again.",
    "kiss_forced": "⚠ You were forcefully kissed by ",
    "kiss_request": "Someone wants to kiss you ❤️",
    "accept": "Accept",
    "deny": "Decline"
  },
  "fr": {
    "no_one_near": "Personne à proximité à embrasser...",
    "cooldown": "Attendez quelques secondes avant de réessayer.",
    "kiss_forced": "⚠ Vous avez été embrassé de force par ",
    "kiss_request": "Quelqu'un veut vous embrasser ❤️",
    "accept": "Accepter",
    "deny": "Refuser"
  },
  "de": {
    "no_one_near": "Niemand in der Nähe zum Küssen...",
    "cooldown": "Warte ein paar Sekunden, bevor du es erneut versuchst.",
    "kiss_forced": "⚠ Du wurdest von jemandem gezwungen, geküsst zu werden: ",
    "kiss_request": "Jemand möchte dich küssen ❤️",
    "accept": "Annehmen",
    "deny": "Ablehnen"
  },
  "ja": {
    "no_one_near": "キスできる相手が近くにいません...",
    "cooldown": "もう一度試す前に数秒待ってください。",
    "kiss_forced": "⚠ 強引にキスされました: ",
    "kiss_request": "誰かがあなたにキスしたがっています ❤️",
    "accept": "受け入れる",
    "deny": "拒否する"
  },
  "ar": {
    "no_one_near": "لا أحد قريب لتقبيله...",
    "cooldown": "انتظر بضع ثوانٍ قبل المحاولة مرة أخرى.",
    "kiss_forced": "⚠ لقد تم تقبيلك بالقوة من قبل ",
    "kiss_request": "شخص ما يريد تقبيلك ❤️",
    "accept": "قبول",
    "deny": "رفض"
  }
}